강남구,압구정,압구정로데오,학동,강남구청,청담,언주,선정릉,삼성중앙,봉은사,역삼,선릉,삼성,한티,매봉,도곡,대치,학여울,대청,일원,수서,구룡,개포동,대모산입구,신사,논현,신논현,강남,양재
강동구,강동,둔촌동,길동,굽은다리,명일,고덕,상일동,암사,천호,강동구청,,,,,,,,,,,,,,,,,,
강북구,수유,미아,미아사거리,북한산우이,솔밭공원,4.19민주묘지,가오리,화계,삼양,삼양사거리,솔샘,,,,,,,,,,,,,,,,,
강서구,까치산,방화,개화산,김포공항,송정,마곡,발산,우장산,화곡,개화,김포공항,공항시장,신방화,마곡나루,양천향교,가양,증미,등촌,염창,,,,,,,,,
관악구,낙성대,서울대입구,봉천,신림,,,,,,,,,,,,,,,,,,,,,,,,
광진구,건대입구,구의,강변,군자,아차산,광나루,증곡,어린이대공원,뚝섬유원지,,,,,,,,,,,,,,,,,,,
구로구,구로,구일,개봉,오류동,온수,신도림,구로디지털단지,대림,도림천,남구로,천왕,,,,,,,,,,,,,,,,,
금천구,가산디지털단지,독산,금천구청,,,,,,,,,,,,,,,,,,,,,,,,,
노원구,석계,광운대,월계,당고개,상계,노원,태릉입구,호랑대,수락상,마들,중계,하계,공륵,광운대,,,,,,,,,,,,,,
도봉구,녹천,창동,방학,도봉,도봉산,쌍문,,,,,,,,,,,,,,,,,,,,,,
동대문구,신설동,제기동,청량리,회기,외대앞,신이문,용두,장한평,,,,,,,,,,,,,,,,,,,,
동작구,노량진,대방,시딩,신대방,동작,총신대입구,이수,남성,숭실대입구,상도,장승배기,신대방삼거리,보라매,노량진,노들,흑석,,,,,,,,,,,,
마포구,합정,홍대입구,신촌,이대,아현,마포,공덕,애오개,월드컵경기장,마포구청,망원,상수,광흥창,대흥,디지털미디어시티,서강대,,,,,,,,,,,,
서대문구,충정로,홍제,무악재,독립문,가좌,신촌,,,,,,,,,,,,,,,,,,,,,,
서초구,교대,서초,방배,잠원,고속터미널,남부터미널,양재,남태령,밤포,내방,구반포,신반포,사평,양재시민의숲,청계산입구,,,,,,,,,,,,,
성동구,상왕십리,왕십리,한양대,뚝섬,성수,용답,신답,금호,옥수,신금호,행당,마장,답십리,장한평,응봉,서울숲,,,,,,,,,,,,
성북구,길음,성신여대입구,한성대입구,보문,안암,고려대,월곡,상월곡,들곶이,북한산보국문,정릉,,,,,,,,,,,,,,,,,
송파구,잠실나루,잠실,잠실새내,종합운동장,가락시장,경찰병원,오금,월림픽공원,방이,개롱,거여,마천,몽촌토성,석촌,송파,문정,장지,복정,,,,,,,,,,
양천구,양천구청,신정네거리,신정,목동,오목교,신목동,염창,등촌,,,,,,,,,,,,,,,,,,,,
영등포구,대방,신길,연등포,당산,영등포구청,문래,양평,영등포시장,여의도,여의나루,대림,신풍,선유도,국회의사당,샛강,,,,,,,,,,,,,
용산구,서울역,용산,남영,숙대입구,삼각지 ,신용산,이촌,효창공원앞,녹사평,이태원,한강진,서빙고,한남,,,,,,,,,,,,,,,
은평구,구파발,연신내,불광,녹번,응암,역촌,독바위,구산,새절,증산,디지털미디어시티,수색,,,,,,,,,,,,,,,,
종로구,종각역,종로3가,종로5가,동대문,덩묘앞,경복궁,안국,독립문,혜화,서대문,광화문,창신,,,,,,,,,,,,,,,,
중랑구,봉화산,먹골,중화,상봉,면목,사가정,용마산,중랑,망우,양원,,,,,,,,,,,,,,,,,,
